source,target,Nbr of documents,Avg cites,weight
3d convolutional neural networks,deep learning,2.0,23.0,3.828641396489095
abundance,bayesian analysis,2.0,115.5,5.442417710521793
abundance,hierarchical model,2.0,111.5,5.407171771460119
abundance estimation,bayesian analysis,2.0,138.5,5.6240175061873385
abundance estimation,hierarchical models,2.0,87.0,5.159055299214529
abundance estimation,spatial point process,2.0,177.0,5.869296913133774
acoustic scene classification,convolutional neural networks,2.0,3.0,1.791759469228055
acoustic simulation,reverberation,2.0,1.5,1.0986122886681098
acoustic simulation,speech recognition,2.0,1.5,1.0986122886681098
acoustics,deep learning,2.0,1.0,0.6931471805599453
action recognition,convolutional neural networks,2.0,5.0,2.302585092994046
action recognition,deep learning,3.0,5.0,2.70805020110221
active learning,deep learning,2.0,3.0,1.791759469228055
activity recognition,deep learning,5.0,5.4,3.295836866004329
activity recognition,machine learning,2.0,3.0,1.791759469228055
activity recognition,transfer learning,3.0,3.0,2.1972245773362196
adversarial examples,robust speech recognition,2.0,12.0,3.1780538303479458
aerial image,deep learning,2.0,2.0,1.3862943611198906
aerial image,drone,2.0,3.5,1.9459101490553132
aerial image,object detection,2.0,2.5,1.6094379124341003
alexnet,convolutional neural network,2.0,34.5,4.23410650459726
alexnet,googlenet,2.0,6.0,2.4849066497880004
alexnet,transfer learning,2.0,34.5,4.23410650459726
alzheimer's disease,convolutional neural network,2.0,6.0,2.4849066497880004
alzheimer's disease,deep learning,2.0,2.5,1.6094379124341003
alzheimer’s disease,deep learning,2.0,3.5,1.9459101490553132
ancillary augmentation,centered parameterization,3.0,28.333333333333332,4.442651256490317
ancillary augmentation,non-centered parameterization,2.0,41.0,4.406719247264253
ancillary augmentation,reparameterization,2.0,2.0,1.3862943611198906
ancillary augmentation,state-space model,2.0,2.0,1.3862943611198906
ancillary augmentation,sufficient augmentation,3.0,28.333333333333332,4.442651256490317
ancillary augmentation,time series,2.0,2.0,1.3862943611198906
anomaly detection,neural network,2.0,6.5,2.5649493574615367
apache spark,big data,2.0,3.5,1.9459101490553132
artificial intelligence,deep learning,3.0,1.0,1.0986122886681098
artificial intelligence,deep neural network,2.0,18.5,3.6109179126442243
artificial intelligence,machine learning,3.0,49.333333333333336,4.997212273764115
artificial intelligence,transfer learning,2.0,3.0,1.791759469228055
artificial neural network,deep learning,2.0,25.0,3.912023005428146
artificial neural networks,expert knowledge,2.0,1.0,0.6931471805599453
artificial neural networks,machine learning,2.0,58.5,4.762173934797756
asymptotic normal data augmentation,cure model,2.0,8.0,2.772588722239781
asymptotic normal data augmentation,multiple imputation,2.0,7.5,2.70805020110221
atr,sar,2.0,1.5,1.0986122886681098
atrial fibrillation,electrocardiogram,2.0,6.0,2.4849066497880004
attributed scattering center (asc),synthetic aperture radar (sar),2.0,23.5,3.8501476017100584
augmentation,big data,2.0,3.0,1.791759469228055
augmentation,cmm,2.0,3.0,1.791759469228055
augmentation,data lake,2.0,3.0,1.791759469228055
augmentation,data warehouse,2.0,3.0,1.791759469228055
augmentation,dm,2.0,3.0,1.791759469228055
augmentation,map reduce,2.0,3.0,1.791759469228055
augmentation,olap,2.0,3.0,1.791759469228055
augmented reality,machine learning,2.0,5.5,2.3978952727983707
autoencoder,unsupervised learning,2.0,2.5,1.6094379124341003
automatic speech recognition,deep neural networks,2.0,94.5,5.241747015059643
automatic speech recognition,end-to-end,2.0,12.0,3.1780538303479458
automatic speech recognition,stochastic feature mapping,2.0,94.5,5.241747015059643
autonomous driving,object detection,2.0,50.5,4.61512051684126
autonomous vehicle,convolutional neural network,2.0,2.5,1.6094379124341003
auxiliary variables,mcmc,2.0,4.5,2.1972245773362196
background subtraction,convolutional neural networks,2.0,1.0,0.6931471805599453
background subtraction,illumination-invariant,2.0,1.0,0.6931471805599453
background subtraction,synthetics,2.0,1.0,0.6931471805599453
batch normalization,convolution neural network,2.0,4.0,2.0794415416798357
batch normalization,convolutional neural network,3.0,9.333333333333334,3.332204510175204
batch normalization,deep learning,4.0,4.5,2.8903717578961645
batch normalization,dropout,3.0,8.0,3.1780538303479458
bayes factors,markov chain monte carlo,2.0,20.0,3.6888794541139363
bayesian,markov chain monte carlo,3.0,5.666666666666667,2.833213344056216
bayesian,mcmc,2.0,4.0,2.0794415416798357
bayesian analysis,camera trapping,2.0,159.5,5.765191102784844
bayesian analysis,capture-recapture,2.0,47.0,4.543294782270004
bayesian analysis,count data,2.0,5.0,2.302585092994046
bayesian analysis,density estimation,4.0,118.75,6.163314804034641
bayesian analysis,distance sampling,2.0,124.0,5.5134287461649825
bayesian analysis,gibbs sampling,2.0,2.0,1.3862943611198906
bayesian analysis,heterogeneity,3.0,21.333333333333332,4.1588830833596715
bayesian analysis,hierarchical model,2.0,159.5,5.765191102784844
bayesian analysis,hierarchical models,2.0,32.5,4.174387269895637
bayesian analysis,markov chain monte carlo,3.0,91.0,5.60947179518496
bayesian analysis,misclassification,2.0,1.0,0.6931471805599453
bayesian analysis,population size,3.0,41.666666666666664,4.8283137373023015
bayesian analysis,spatial capture-recapture,3.0,54.333333333333336,5.093750200806762
bayesian analysis,spatially explicit capture-recapture,2.0,53.0,4.663439094112067
bayesian analysis,trapping grid,2.0,212.0,6.049733455231958
bayesian data augmentation,missing data,2.0,11.0,3.091042453358316
bayesian estimation,gibbs sampling,2.0,2.0,1.3862943611198906
bayesian estimation,mcmc,2.0,5.0,2.302585092994046
bayesian estimation,start-up demonstration test,2.0,5.0,2.302585092994046
bayesian inference,fiducial inference,2.0,3.5,1.9459101490553132
bayesian inference,gibbs sampling,2.0,66.5,4.890349128221754
bayesian inference,hidden markov model,2.0,12.0,3.1780538303479458
bayesian inference,markov chain monte carlo,8.0,22.75,5.204006687076795
bayesian inference,markov chain monte carlo methods,2.0,45.0,4.499809670330265
bayesian inference,mcmc,3.0,2.6666666666666665,2.0794415416798357
bayesian inference,mcmc methods,2.0,12.5,3.2188758248682006
bayesian inference,missing data,2.0,9.5,2.9444389791664403
bayesian inference,switching diffusion,2.0,12.0,3.1780538303479458
bayesian inference,variable splitting,2.0,7.0,2.6390573296152584
bayesian methods,biological monitoring,2.0,3.5,1.9459101490553132
bayesian methods,ecological health,2.0,3.5,1.9459101490553132
bayesian methods,generalized linear models,2.0,3.5,1.9459101490553132
bayesian methods,logistic models,2.0,36.5,4.290459441148391
bayesian methods,missing data,2.0,3.5,1.9459101490553132
bayesian methods,stressor-response,2.0,3.5,1.9459101490553132
bayesian optimization,convolutional neural network,2.0,77.0,5.0369526024136295
big data,cmm,2.0,3.0,1.791759469228055
big data,data lake,2.0,3.0,1.791759469228055
big data,data warehouse,2.0,3.0,1.791759469228055
big data,deep learning,3.0,223.66666666666666,6.508769136971682
big data,dm,2.0,3.0,1.791759469228055
big data,map reduce,2.0,3.0,1.791759469228055
big data,olap,2.0,3.0,1.791759469228055
binary data,markov chain monte carlo,2.0,23.0,3.828641396489095
biological monitoring,ecological health,2.0,3.5,1.9459101490553132
biological monitoring,missing data,2.0,3.5,1.9459101490553132
biological monitoring,stressor-response,2.0,3.5,1.9459101490553132
biometric,face recognition,2.0,2.0,1.3862943611198906
biometric,inception-resnet-v2,2.0,2.0,1.3862943611198906
biometric,transfer learning,2.0,2.0,1.3862943611198906
brain,deep learning,2.0,8.5,2.833213344056216
brain,mri,2.0,8.5,2.833213344056216
brain,multiple sclerosis,2.0,8.5,2.833213344056216
brain tumor,convolutional neural network,2.0,28.0,4.02535169073515
brain tumor,deep learning,5.0,57.2,5.655991810819852
brain tumor,mri,5.0,57.2,5.655991810819852
brain tumor,segmentation,2.0,63.0,4.836281906951478
brain-computer interface,electroencephalography,2.0,6.0,2.4849066497880004
breast cancer,computer-aided detection,2.0,2.5,1.6094379124341003
breast cancer,convolutional neural network,2.0,7.5,2.70805020110221
breast cancer,convolutional neural network (cnn),2.0,11.0,3.091042453358316
breast cancer,convolutional neural networks,2.0,33.5,4.204692619390966
breast cancer,deep learning,9.0,4.222222222222222,3.6375861597263857
breast cancer,transfer learning,4.0,2.5,2.302585092994046
camera trapping,hierarchical model,2.0,159.5,5.765191102784844
cameras,training,2.0,28.0,4.02535169073515
capture-recapture,population size,2.0,47.0,4.543294782270004
cardiac mri,deep learning,2.0,3.0,1.791759469228055
cardiac mri,segmentation,2.0,3.0,1.791759469228055
categorization,deep learning,3.0,64.33333333333333,5.262690188904886
categorization,recognition: detection,4.0,55.75,5.407171771460119
categorization,retrieval,4.0,55.75,5.407171771460119
centered parameterization,non-centered parameterization,2.0,41.0,4.406719247264253
centered parameterization,reparameterization,2.0,2.0,1.3862943611198906
centered parameterization,state-space model,2.0,2.0,1.3862943611198906
centered parameterization,sufficient augmentation,3.0,28.333333333333332,4.442651256490317
centered parameterization,time series,2.0,2.0,1.3862943611198906
character animation,deep learning,3.0,15.0,3.8066624897703196
character animation,interactive motion control,2.0,13.0,3.258096538021482
character animation,motion grammar,2.0,13.0,3.258096538021482
chest x-ray,computer-aided diagnosis,2.0,10.0,2.995732273553991
chest x-ray,convolutional neural network,2.0,10.0,2.995732273553991
chest x-ray,deep learning,3.0,7.333333333333333,3.091042453358316
chest x-ray,segmentation,2.0,10.0,2.995732273553991
chest x-ray,tuberculosis,2.0,11.0,3.091042453358316
chord recognition,robot,2.0,1.0,0.6931471805599453
class imbalance,convolutional neural network,2.0,10.0,2.995732273553991
class imbalance,deep learning,2.0,1.0,0.6931471805599453
classification,cnn,5.0,3.6,2.8903717578961645
classification,computer vision,3.0,5.333333333333333,2.772588722239781
classification,convolutional network,2.0,5.0,2.302585092994046
classification,convolutional neural network,5.0,9.8,3.8918202981106265
classification,convolutional neural networks,3.0,3.6666666666666665,2.3978952727983707
classification,deep learning,16.0,7.5625,4.795790545596741
classification,gan,2.0,7.5,2.70805020110221
classification,generalization,2.0,2.5,1.6094379124341003
classification,image processing,2.0,7.0,2.6390573296152584
classification,machine learning,5.0,9.4,3.8501476017100584
classification,melanoma,2.0,3.0,1.791759469228055
classification,neural networks,2.0,4.5,2.1972245773362196
classification,pre-processing,2.0,2.0,1.3862943611198906
classification,segmentation,3.0,9.666666666666666,3.367295829986474
classification,skin cancer,2.0,3.0,1.791759469228055
classification,transfer learning,4.0,2.75,2.3978952727983707
cmm,data lake,2.0,3.0,1.791759469228055
cmm,data warehouse,2.0,3.0,1.791759469228055
cmm,dm,2.0,3.0,1.791759469228055
cmm,map reduce,2.0,3.0,1.791759469228055
cmm,olap,2.0,3.0,1.791759469228055
cnn,cnn-blstm,2.0,1.0,0.6931471805599453
cnn,covid-19,2.0,9.5,2.9444389791664403
cnn,deep learning,26.0,7.423076923076923,5.262690188904886
cnn,deep-learning,2.0,2.0,1.3862943611198906
cnn,feature extraction,2.0,2.5,1.6094379124341003
cnn,gan,4.0,2.75,2.3978952727983707
cnn,handwriting,2.0,1.0,0.6931471805599453
cnn,image classification,2.0,8.0,2.772588722239781
cnn,image segmentation,2.0,1.0,0.6931471805599453
cnn,knowledge distillation,2.0,22.5,3.8066624897703196
cnn,lstm,5.0,22.2,4.709530201312334
cnn,machine learning,5.0,5.4,3.295836866004329
cnn,motor imagery,2.0,15.5,3.4339872044851463
cnn,mri,2.0,3.0,1.791759469228055
cnn,nlp,2.0,5.5,2.3978952727983707
cnn,overfitting,2.0,4.0,2.0794415416798357
cnn,parkinson’s disease (pd),2.0,1.0,0.6931471805599453
cnn,resnet,4.0,9.75,3.6635616461296463
cnn,segmentation,2.0,6.5,2.5649493574615367
cnn,svm,2.0,2.5,1.6094379124341003
cnn,transfer learning,5.0,7.8,3.6635616461296463
cnn,vgg,3.0,15.0,3.8066624897703196
cnn,x-ray,2.0,1.0,0.6931471805599453
cnn-blstm,handwriting,2.0,1.0,0.6931471805599453
cnn-blstm,parkinson’s disease (pd),2.0,1.0,0.6931471805599453
cnn-blstm,transfer learning,2.0,1.0,0.6931471805599453
collaborative filtering,data sparsity,2.0,10.5,3.044522437723423
compact operator,data augmentation algorithm,2.0,4.5,2.1972245773362196
computational pathology,convolutional neural networks,2.0,10.5,3.044522437723423
computational pathology,deep learning,2.0,28.0,4.02535169073515
computed tomography,computer-aided diagnosis,2.0,22.0,3.784189633918261
computed tomography,deep learning,2.0,22.0,3.784189633918261
computer aided diagnosis,convolutional neural networks.,4.0,2.0,2.0794415416798357
computer aided diagnosis,deep learning,5.0,2.2,2.3978952727983707
computer aided diagnosis,parkinson',2.0,2.0,1.3862943611198906
computer aided diagnosis,parkinson's disease,2.0,2.0,1.3862943611198906
computer aided diagnosis,s disease,2.0,2.0,1.3862943611198906
computer vision,convolutional neural network,4.0,5.0,2.995732273553991
computer vision,convolutional neural networks,6.0,6.333333333333333,3.6375861597263857
computer vision,deep learning,7.0,15.285714285714286,4.672828834461906
computer vision,machine learning,5.0,4.2,3.044522437723423
computer vision,transfer learning,2.0,2.5,1.6094379124341003
computer-aided detection,deep learning,4.0,2.5,2.302585092994046
computer-aided diagnosis,convolutional neural network,3.0,7.0,3.044522437723423
computer-aided diagnosis,deep learning,5.0,36.6,5.209486152841421
computer-aided diagnosis,segmentation,2.0,10.0,2.995732273553991
computer-aided diagnosis,tuberculosis,2.0,9.5,2.9444389791664403
conditional generative adversarial networks,robust speech recognition,2.0,8.0,2.772588722239781
conditional generative adversarial networks,very deep convolutional neural network,2.0,8.0,2.772588722239781
conditional model,generative adversarial network,2.0,6.0,2.4849066497880004
conditional variational auto-encoder,deep learning,2.0,4.5,2.1972245773362196
convergence rate,data augmentation algorithm,2.0,8.0,2.772588722239781
convergence rate,markov chain,2.0,8.0,2.772588722239781
convolution neural network,deep learning,5.0,40.0,5.298317366548036
convolution neural networks,deep learning,4.0,4.75,2.9444389791664403
convolutional networks,liveness,2.0,23.0,3.828641396489095
convolutional networks,local binary patterns,2.0,23.0,3.828641396489095
convolutional networks,support vector machines,2.0,23.0,3.828641396489095
convolutional neural network,data preprocessing,2.0,7.5,2.70805020110221
convolutional neural network,deep learning,59.0,9.254237288135593,6.302618975744905
convolutional neural network,diabetic retinopathy,3.0,2.3333333333333335,1.9459101490553132
convolutional neural network,dropout,5.0,38.0,5.247024072160486
convolutional neural network,electrocardiogram,2.0,1.0,0.6931471805599453
convolutional neural network,facial expression recognition,2.0,3.5,1.9459101490553132
convolutional neural network,feature extraction,3.0,5.0,2.70805020110221
convolutional neural network,feature representation,2.0,102.0,5.318119993844216
convolutional neural network,fine-tuning,4.0,5.25,3.044522437723423
convolutional neural network,fish classification,2.0,4.5,2.1972245773362196
convolutional neural network,generative adversarial network,6.0,2.1666666666666665,2.5649493574615367
convolutional neural network,generative adversarial networks,2.0,21.0,3.7376696182833684
convolutional neural network,graph convolutional network,2.0,10.0,2.995732273553991
convolutional neural network,image classification,3.0,6.333333333333333,2.9444389791664403
convolutional neural network,image enhancement,2.0,6.5,2.5649493574615367
convolutional neural network,image preprocessing,2.0,7.0,2.6390573296152584
convolutional neural network,image processing,4.0,8.25,3.4965075614664802
convolutional neural network,image segmentation,3.0,2.3333333333333335,1.9459101490553132
convolutional neural network,leaky rectified linear unit,2.0,91.5,5.209486152841421
convolutional neural network,loss function,2.0,26.0,3.9512437185814275
convolutional neural network,machine learning,6.0,4.833333333333333,3.367295829986474
convolutional neural network,max pooling,3.0,61.666666666666664,5.220355825078324
convolutional neural network,mri,2.0,31.0,4.127134385045092
convolutional neural network,multiple sclerosis,2.0,54.5,4.6913478822291435
convolutional neural network,object detection,5.0,14.6,4.290459441148391
convolutional neural network,parametric rectified linear unit,2.0,54.0,4.68213122712422
convolutional neural network,person re-identification,3.0,2.3333333333333335,1.9459101490553132
convolutional neural network,raw waveform,2.0,1.5,1.0986122886681098
convolutional neural network,remote sensing,2.0,5.5,2.3978952727983707
convolutional neural network,segmentation,4.0,8.25,3.4965075614664802
convolutional neural network,stochastic pooling,3.0,48.333333333333336,4.976733742420574
convolutional neural network,style transfer,2.0,2.0,1.3862943611198906
convolutional neural network,support vector machine,2.0,19.0,3.6375861597263857
convolutional neural network,synthetic aperture radar,3.0,5.0,2.70805020110221
convolutional neural network,traffic sign detection,2.0,25.5,3.9318256327243257
convolutional neural network,transfer learning,18.0,12.166666666666666,5.389071729816501
convolutional neural network,tuberculosis,2.0,9.5,2.9444389791664403
convolutional neural network (cnn),data normalization,2.0,4.0,2.0794415416798357
convolutional neural network (cnn),deep learning,17.0,15.941176470588236,5.602118820879701
convolutional neural network (cnn),feature extraction,2.0,168.5,5.820082930352362
convolutional neural network (cnn),generative adversarial network (gan),2.0,1.0,0.6931471805599453
convolutional neural network (cnn),internet of things (iot),2.0,4.0,2.0794415416798357
convolutional neural network (cnn),micro-expression recognition,2.0,15.5,3.4339872044851463
convolutional neural network (cnn),segmentation,2.0,2.0,1.3862943611198906
convolutional neural network (cnn),small training data,2.0,15.5,3.4339872044851463
convolutional neural network (cnn),synthetic aperture radar (sar),2.0,15.0,3.4011973816621555
convolutional neural network (cnn),target recognition,2.0,165.5,5.802118375377063
convolutional neural network (cnn),transfer learning,2.0,1.5,1.0986122886681098
convolutional neural networks,deep learning,50.0,23.22,7.057036981697891
convolutional neural networks,document image classification,2.0,14.5,3.367295829986474
convolutional neural networks,fine tuning,2.0,1.0,0.6931471805599453
convolutional neural networks,generative adversarial networks,6.0,13.333333333333334,4.382026634673881
convolutional neural networks,hep-2 cells,2.0,8.5,2.833213344056216
convolutional neural networks,illumination-invariant,2.0,1.0,0.6931471805599453
convolutional neural networks,image classification,6.0,41.0,5.5053315359323625
convolutional neural networks,image processing,4.0,4.75,2.9444389791664403
convolutional neural networks,intelligent surveillance systems,2.0,3.5,1.9459101490553132
convolutional neural networks,machine learning,6.0,14.333333333333334,4.454347296253507
convolutional neural networks,mitosis detection,2.0,36.5,4.290459441148391
convolutional neural networks,multiclass classification,2.0,2.5,1.6094379124341003
convolutional neural networks,network architecture,2.0,14.5,3.367295829986474
convolutional neural networks,object classification,2.0,1.0,0.6931471805599453
convolutional neural networks,object detection,2.0,13.0,3.258096538021482
convolutional neural networks,pattern recognition,5.0,4.0,2.995732273553991
convolutional neural networks,preprocessing,3.0,12.333333333333334,3.6109179126442243
convolutional neural networks,principal component analysis,4.0,2.0,2.0794415416798357
convolutional neural networks,remote sensing,2.0,1.5,1.0986122886681098
convolutional neural networks,semantic segmentation,3.0,4.333333333333333,2.5649493574615367
convolutional neural networks,skin lesion classification,2.0,10.0,2.995732273553991
convolutional neural networks,support vector machines,2.0,5.0,2.302585092994046
convolutional neural networks,synthetics,2.0,1.0,0.6931471805599453
convolutional neural networks,traffic sign recognition,2.0,1.0,0.6931471805599453
convolutional neural networks,transfer learning,9.0,3.111111111111111,3.332204510175204
convolutional neural networks (cnns),deep learning,2.0,18.0,3.58351893845611
convolutional neural networks (cnns),synthetic aperture radar (sar),2.0,19.5,3.6635616461296463
convolutional neural networks.,deep learning,4.0,2.0,2.0794415416798357
convolutional neural networks.,parkinson',2.0,2.0,1.3862943611198906
convolutional neural networks.,parkinson's disease,2.0,2.0,1.3862943611198906
convolutional neural networks.,s disease,2.0,2.0,1.3862943611198906
count data,gibbs sampling,2.0,35.5,4.2626798770413155
count data,poisson distribution,2.0,2.0,1.3862943611198906
covid-19,deep learning,2.0,8.5,2.833213344056216
crack detection,deep learning,2.0,1.0,0.6931471805599453
crowdsourcing,deep learning,2.0,5.5,2.3978952727983707
ct,image synthesis,2.0,8.0,2.772588722239781
data augmentation algorithm,drift condition,2.0,9.5,2.9444389791664403
data augmentation algorithm,eigenvalues,2.0,7.0,2.6390573296152584
data augmentation algorithm,geometric convergence rate,3.0,7.666666666666667,3.1354942159291497
data augmentation algorithm,geometric ergodicity,4.0,20.5,4.406719247264253
data augmentation algorithm,haar px-da algorithm,2.0,3.0,1.791759469228055
data augmentation algorithm,heavy-tailed distribution,2.0,3.0,1.791759469228055
data augmentation algorithm,markov chain,7.0,12.142857142857142,4.442651256490317
data augmentation algorithm,markov operator,4.0,6.5,3.258096538021482
data augmentation algorithm,minorization condition,4.0,26.5,4.663439094112067
data augmentation algorithm,missing data,2.0,23.0,3.828641396489095
data augmentation algorithm,monte carlo,4.0,13.25,3.970291913552122
data augmentation algorithm,polya-gamma distribution,2.0,19.5,3.6635616461296463
data augmentation algorithm,sandwich algorithm,3.0,6.333333333333333,2.9444389791664403
data augmentation algorithm,scale mixture,2.0,3.0,1.791759469228055
data augmentation algorithm,trace-class operator,4.0,6.5,3.258096538021482
data augmentation.,deep learning,2.0,25.5,3.9318256327243257
data lake,data warehouse,2.0,3.0,1.791759469228055
data lake,dm,2.0,3.0,1.791759469228055
data lake,map reduce,2.0,3.0,1.791759469228055
data lake,olap,2.0,3.0,1.791759469228055
data normalization,deep learning,2.0,6.0,2.4849066497880004
data normalization,internet of things (iot),2.0,4.0,2.0794415416798357
data simulation,lstm,2.0,1.0,0.6931471805599453
data warehouse,dm,2.0,3.0,1.791759469228055
data warehouse,map reduce,2.0,3.0,1.791759469228055
data warehouse,olap,2.0,3.0,1.791759469228055
data-augmentation,deep-learning,2.0,6.5,2.5649493574615367
deep cnn,fall detection,2.0,5.5,2.3978952727983707
deep cnn,transfer learning,2.0,5.5,2.3978952727983707
deep convolutional neural network,deep learning,3.0,7.0,3.044522437723423
deep convolutional neural network (dcnn),generative adversarial network (gan),2.0,33.5,4.204692619390966
deep convolutional neural networks,deep learning,2.0,1.5,1.0986122886681098
deep convolutional neural networks,transfer learning,3.0,1.6666666666666667,1.6094379124341003
deep leaning,transfer learning,2.0,2.0,1.3862943611198906
deep learning,deep learning,2.0,1.5,1.0986122886681098
deep learning,deep neural network,2.0,8.0,2.772588722239781
deep learning,deep neural networks,2.0,3.0,1.791759469228055
deep learning,defect detection,4.0,8.5,3.5263605246161616
deep learning,detection,2.0,1.5,1.0986122886681098
deep learning,detection of pelagic fish,2.0,1.0,0.6931471805599453
deep learning,diabetic retinopathy,6.0,41.333333333333336,5.5134287461649825
deep learning,document image classification,2.0,14.5,3.367295829986474
deep learning,domain adaptation,3.0,3.0,2.1972245773362196
deep learning,drone,2.0,2.5,1.6094379124341003
deep learning,dropout,5.0,11.0,4.007333185232471
deep learning,drum transcription,2.0,8.5,2.833213344056216
deep learning,elderly people,2.0,3.5,1.9459101490553132
deep learning,electroencephalogram,3.0,16.333333333333332,3.8918202981106265
deep learning,electroencephalography,2.0,7.5,2.70805020110221
deep learning,emotion recognition,3.0,24.0,4.276666119016055
deep learning,ensemble,3.0,1.3333333333333333,1.3862943611198906
deep learning,ensemble learning,2.0,1.5,1.0986122886681098
deep learning,environmental monitoring,2.0,1.0,0.6931471805599453
deep learning,environmental sound classification,2.0,254.5,6.2324480165505225
deep learning,face detection,3.0,5.333333333333333,2.772588722239781
deep learning,face recognition,7.0,4.428571428571429,3.4339872044851463
deep learning,fashion-mnist,2.0,1.5,1.0986122886681098
deep learning,faster r-cnn,4.0,7.5,3.4011973816621555
deep learning,fine-tuning,2.0,3.0,1.791759469228055
deep learning,fully convolutional network,2.0,5.5,2.3978952727983707
deep learning,fully convolutional neural network,2.0,11.0,3.091042453358316
deep learning,gan,3.0,40.333333333333336,4.795790545596741
deep learning,generative adversarial network,10.0,49.7,6.208590026096629
deep learning,generative adversarial network (gan),4.0,6.25,3.2188758248682006
deep learning,generative adversarial networks,14.0,11.857142857142858,5.111987788356544
deep learning,generative model,2.0,83.5,5.117993812416755
deep learning,generative models,5.0,28.0,4.941642422609304
deep learning,hand gesture recognition,2.0,9.0,2.8903717578961645
deep learning,human activity recognition,3.0,17.333333333333332,3.9512437185814275
deep learning,hyperspectral imaging,2.0,8.5,2.833213344056216
deep learning,image classification,16.0,19.3125,5.733341276897746
deep learning,image processing,12.0,5.5,4.189654742026425
deep learning,image segmentation,6.0,5.0,3.4011973816621555
deep learning,image synthesis,3.0,139.0,6.0330862217988015
deep learning,instance segmentation,2.0,4.0,2.0794415416798357
deep learning,intelligent surveillance systems,2.0,3.5,1.9459101490553132
deep learning,interactive motion control,2.0,13.0,3.258096538021482
deep learning,internet of things,2.0,9.0,2.8903717578961645
deep learning,iris recognition,2.0,8.0,2.772588722239781
deep learning,keras,3.0,4.0,2.4849066497880004
deep learning,lesion classification,2.0,150.0,5.703782474656201
deep learning,long-short term memory networks,2.0,1.0,0.6931471805599453
deep learning,lstm,6.0,16.666666666666668,4.605170185988092
deep learning,machine learning,21.0,15.047619047619047,5.755742213586912
deep learning,mammogram,2.0,3.0,1.791759469228055
deep learning,mammography,3.0,6.333333333333333,2.9444389791664403
deep learning,max pooling,2.0,8.0,2.772588722239781
deep learning,medical image,2.0,18.5,3.6109179126442243
deep learning,medical image analysis,2.0,2.5,1.6094379124341003
deep learning,medical image segmentation,3.0,5.333333333333333,2.772588722239781
deep learning,medical image synthesis,2.0,6.5,2.5649493574615367
deep learning,medical imaging,3.0,131.66666666666666,5.978885764901122
deep learning,melanoma,6.0,4.666666666666667,3.332204510175204
deep learning,micro-expression recognition,2.0,15.5,3.4339872044851463
deep learning,microscopic object detection,2.0,5.0,2.302585092994046
deep learning,monitoring,3.0,1.0,1.0986122886681098
deep learning,motion grammar,2.0,13.0,3.258096538021482
deep learning,mri,11.0,28.545454545454547,5.749392985908253
deep learning,multi-label classification,2.0,23.5,3.8501476017100584
deep learning,multi-task learning,3.0,2.0,1.791759469228055
deep learning,multiclass classification,2.0,2.0,1.3862943611198906
deep learning,multiple sclerosis,2.0,8.5,2.833213344056216
deep learning,network architecture,2.0,14.5,3.367295829986474
deep learning,neural network,7.0,8.714285714285714,4.110873864173311
deep learning,neural networks,7.0,6.428571428571429,3.8066624897703196
deep learning,object detection,10.0,4.5,3.8066624897703196
deep learning,object recognition,3.0,1.0,1.0986122886681098
deep learning,overfitting,5.0,15.8,4.3694478524670215
deep learning,parkinson',2.0,2.0,1.3862943611198906
deep learning,parkinson's disease,3.0,1.6666666666666667,1.6094379124341003
deep learning,pattern recognition,6.0,4.5,3.295836866004329
deep learning,periocular recognition,2.0,33.0,4.189654742026425
deep learning,person identification,2.0,5.0,2.302585092994046
deep learning,person re-identification,3.0,16.666666666666668,3.912023005428146
deep learning,preprocessing,3.0,20.666666666666668,4.127134385045092
deep learning,principal component analysis,5.0,1.6,2.0794415416798357
deep learning,principle component analysis,2.0,3.5,1.9459101490553132
deep learning,real-time systems,2.0,1.0,0.6931471805599453
deep learning,recognition: detection,3.0,64.33333333333333,5.262690188904886
deep learning,recurrent neural network,2.0,7.5,2.70805020110221
deep learning,recurrent neural networks,5.0,6.6,3.4965075614664802
deep learning,recycling,2.0,8.0,2.772588722239781
deep learning,remote sensing,10.0,5.0,3.912023005428146
deep learning,residual network,3.0,3.6666666666666665,2.3978952727983707
deep learning,retina,2.0,7.0,2.6390573296152584
deep learning,retrieval,4.0,48.75,5.272999558563747
deep learning,review,2.0,85.0,5.135798437050262
deep learning,s disease,2.0,2.0,1.3862943611198906
deep learning,sar,2.0,1.0,0.6931471805599453
deep learning,scene classification,3.0,6.666666666666667,2.995732273553991
deep learning,segmentation,18.0,13.61111111111111,5.501258210544727
deep learning,semantic segmentation,9.0,3.111111111111111,3.332204510175204
deep learning,semi-supervised learning,3.0,4.333333333333333,2.5649493574615367
deep learning,sentiment analysis,3.0,3.0,2.1972245773362196
deep learning,signal detection,2.0,1.0,0.6931471805599453
deep learning,signal processing,4.0,1.25,1.6094379124341003
deep learning,skin cancer,5.0,9.4,3.8501476017100584
deep learning,skin lesion classification,3.0,5.0,2.70805020110221
deep learning,small dataset,4.0,2.0,2.0794415416798357
deep learning,small training data,2.0,15.5,3.4339872044851463
deep learning,sonar,2.0,1.0,0.6931471805599453
deep learning,spectral ct,2.0,3.0,1.791759469228055
deep learning,speech recognition,4.0,8.75,3.5553480614894135
deep learning,stock market index,2.0,29.5,4.07753744390572
deep learning,style transfer,2.0,114.5,5.43372200355424
deep learning,supervised learning,3.0,8.666666666666666,3.258096538021482
deep learning,support vector machine,2.0,13.0,3.258096538021482
deep learning,synthetic aperture radar,2.0,1.0,0.6931471805599453
deep learning,synthetic data,3.0,3.3333333333333335,2.302585092994046
deep learning,target detection,4.0,2.75,2.3978952727983707
deep learning,tensorflow,3.0,13.666666666666666,3.713572066704308
deep learning,time-series data augmentation,2.0,26.5,3.970291913552122
deep learning,traffic congestion,2.0,6.5,2.5649493574615367
deep learning,traffic sign recognition,2.0,2.0,1.3862943611198906
deep learning,training data augmentation,2.0,32.5,4.174387269895637
deep learning,transceivers,2.0,1.0,0.6931471805599453
deep learning,transfer learning,27.0,6.148148148148148,5.111987788356544
deep learning,tumor segmentation,2.0,63.0,4.836281906951478
deep learning,u-net,5.0,1.4,1.9459101490553132
deep learning,uav,3.0,19.666666666666668,4.07753744390572
deep learning,uncertainty,2.0,14.5,3.367295829986474
deep learning,underwater acoustics,2.0,1.0,0.6931471805599453
deep learning,yolov3,2.0,3.0,1.791759469228055
deep neural network,generative adversarial network,2.0,17.0,3.5263605246161616
deep neural network,transfer learning,2.0,2.5,1.6094379124341003
deep neural networks,iris segmentation,2.0,32.5,4.174387269895637
deep neural networks,lstm,2.0,5.0,2.302585092994046
deep neural networks,regularization,2.0,2.5,1.6094379124341003
deep neural networks,semi-supervised learning,2.0,7.5,2.70805020110221
deep neural networks,small dataset,2.0,1.5,1.0986122886681098
deep neural networks,speech recognition,2.0,10.0,2.995732273553991
deep neural networks,stochastic feature mapping,2.0,94.5,5.241747015059643
deep neural networks,text classification,2.0,2.0,1.3862943611198906
defect detection,faster r-cnn,4.0,7.0,3.332204510175204
defect detection,transfer learning,2.0,9.5,2.9444389791664403
density estimation,distance sampling,2.0,124.0,5.5134287461649825
density estimation,spatial capture-recapture,2.0,25.5,3.9318256327243257
density estimation,trapping grid,2.0,212.0,6.049733455231958
diabetes,grammatical evolution,2.0,7.0,2.6390573296152584
diabetes,time series forecasting,2.0,7.0,2.6390573296152584
distributed artificial intelligence,machine learning,2.0,1.0,0.6931471805599453
distributed artificial intelligence,wireless communication,2.0,1.0,0.6931471805599453
dm,map reduce,2.0,3.0,1.791759469228055
dm,olap,2.0,3.0,1.791759469228055
document image classification,network architecture,2.0,14.5,3.367295829986474
document image classification,preprocessing,2.0,14.5,3.367295829986474
domain adaptation,generative adversarial network,2.0,6.5,2.5649493574615367
domain adaptation,generative adversarial networks,3.0,3.6666666666666665,2.3978952727983707
domain adaptation,image-to-image translation,3.0,5.333333333333333,2.772588722239781
domain adaptation,maximum mean discrepancy,2.0,2.0,1.3862943611198906
domain adaptation,semantic segmentation,3.0,5.333333333333333,2.772588722239781
domain adaptation,transfer learning,3.0,3.3333333333333335,2.302585092994046
drift condition,geometric ergodicity,3.0,6.666666666666667,2.995732273553991
drift condition,haar px-da algorithm,2.0,2.0,1.3862943611198906
drift condition,markov chain,2.0,9.5,2.9444389791664403
drift condition,minorization condition,2.0,9.5,2.9444389791664403
drift condition,posterior propriety,2.0,2.0,1.3862943611198906
drone,object detection,2.0,6.0,2.4849066497880004
dropout,neural network,2.0,9.5,2.9444389791664403
dropout,overfitting,2.0,10.5,3.044522437723423
dropout,parametric rectified linear unit,2.0,54.0,4.68213122712422
ecological health,missing data,2.0,3.5,1.9459101490553132
ecological health,stressor-response,2.0,3.5,1.9459101490553132
eeg,emotion recognition,2.0,21.5,3.7612001156935624
eeg (electroencephalogram),long short term memory (lstm),2.0,1.0,0.6931471805599453
eeg (electroencephalogram),recurrent neural network (rnn),2.0,1.0,0.6931471805599453
eigenvalues,markov chain,2.0,7.0,2.6390573296152584
eigenvalues,monte carlo,2.0,7.0,2.6390573296152584
em algorithm,gibbs sampler,4.0,17.5,4.248495242049359
em algorithm,gibbs sampling,2.0,2.5,1.6094379124341003
em algorithm,ibf sampler,2.0,11.5,3.1354942159291497
em algorithm,incomplete data,2.0,9.0,2.8903717578961645
em algorithm,infectious disease,2.0,7.5,2.70805020110221
em algorithm,interval censoring,2.0,5.5,2.3978952727983707
em algorithm,markov chain monte carlo,2.0,13.0,3.258096538021482
em algorithm,mcmc,2.0,7.5,2.70805020110221
em algorithm,missing data,2.0,5.0,2.302585092994046
em algorithm,small sample,2.0,2.5,1.6094379124341003
end-to-end,speech recognition,3.0,4.0,2.4849066497880004
epidemics,markov chain monte carlo methods,2.0,43.5,4.465908118654584
ergm,multilevel networks,2.0,2.5,1.6094379124341003
face recognition,inception-resnet-v2,2.0,2.0,1.3862943611198906
face recognition,neural networks,2.0,4.5,2.1972245773362196
face recognition,transfer learning,2.0,2.0,1.3862943611198906
fall detection,transfer learning,3.0,5.666666666666667,2.833213344056216
faster r-cnn,underwater-imaging,2.0,14.5,3.367295829986474
fault diagnosis,imbalanced data,2.0,10.0,2.995732273553991
fault diagnosis,rolling bearing,2.0,26.5,3.970291913552122
feature extraction,svm,2.0,2.0,1.3862943611198906
fine-tuning,transfer learning,4.0,6.0,3.1780538303479458
gan,image synthesis,2.0,66.0,4.882801922586371
gan,imbalanced data,2.0,10.5,3.044522437723423
gan,machine learning,2.0,1.0,0.6931471805599453
gan,vae,3.0,1.6666666666666667,1.6094379124341003
gan,weather classification,2.0,2.0,1.3862943611198906
gans,image-to-image translation,2.0,2.5,1.6094379124341003
generalization,generative adversarial networks,2.0,5.5,2.3978952727983707
generative adversarial network,image synthesis,2.0,231.5,6.137727054086234
generative adversarial network,image-to-image translation,3.0,6.666666666666667,2.995732273553991
generative adversarial network,lesion classification,2.0,231.5,6.137727054086234
generative adversarial network,liver lesions,2.0,231.5,6.137727054086234
generative adversarial network,machine learning,2.0,1.0,0.6931471805599453
generative adversarial network,medical image synthesis,2.0,2.0,1.3862943611198906
generative adversarial network,object detection,2.0,9.0,2.8903717578961645
generative adversarial network,person re-identification,2.0,2.0,1.3862943611198906
generative adversarial network,remote sensing,3.0,6.333333333333333,2.9444389791664403
generative adversarial network,semantic segmentation,2.0,6.5,2.5649493574615367
generative adversarial network,transfer learning,2.0,2.0,1.3862943611198906
generative adversarial network,vehicle detection,2.0,5.5,2.3978952727983707
generative adversarial networks,image synthesis,2.0,7.0,2.6390573296152584
generative adversarial networks,image translation,2.0,14.0,3.332204510175204
generative adversarial networks,image-to-image translation,2.0,2.5,1.6094379124341003
generative adversarial networks,machine learning,2.0,19.5,3.6635616461296463
generative adversarial networks,mri,4.0,9.25,3.6109179126442243
generative adversarial networks,physician training,2.0,35.5,4.2626798770413155
generative adversarial networks,robust speech recognition,2.0,12.5,3.2188758248682006
generative adversarial networks,speech emotion recognition,2.0,11.0,3.091042453358316
generative adversarial networks,transfer learning,2.0,21.5,3.7612001156935624
generative adversarial networks,unsupervised learning,2.0,17.0,3.5263605246161616
generative adversarial networks,very deep convolutional neural network,2.0,12.5,3.2188758248682006
geometric convergence rate,markov chain,2.0,9.0,2.8903717578961645
geometric convergence rate,markov operator,3.0,7.666666666666667,3.1354942159291497
geometric convergence rate,monte carlo,2.0,9.0,2.8903717578961645
geometric convergence rate,sandwich algorithm,2.0,9.0,2.8903717578961645
geometric convergence rate,trace-class operator,3.0,7.666666666666667,3.1354942159291497
geometric ergodicity,haar px-da algorithm,2.0,2.0,1.3862943611198906
geometric ergodicity,markov chain,2.0,13.0,3.258096538021482
geometric ergodicity,minorization condition,3.0,24.0,4.276666119016055
gibbs sampler,ibf sampler,2.0,11.5,3.1354942159291497
gibbs sampler,marginal data augmentation,2.0,72.5,4.976733742420574
gibbs sampler,markov chain monte carlo,4.0,8.0,3.4657359027997265
gibbs sampler,mcmc,3.0,6.0,2.8903717578961645
gibbs sampler,metropolis-hastings algorithm,3.0,10.0,3.4011973816621555
gibbs sampling,markov chain monte carlo,6.0,39.5,5.4680601411351315
googlenet,melanoma,2.0,1.5,1.0986122886681098
grammatical evolution,time series forecasting,3.0,6.0,2.8903717578961645
grouping and shape,segmentation,2.0,23.0,3.828641396489095
haar px-da algorithm,heavy-tailed distribution,2.0,3.0,1.791759469228055
haar px-da algorithm,scale mixture,2.0,3.0,1.791759469228055
handwriting,parkinson’s disease (pd),2.0,1.0,0.6931471805599453
handwriting,transfer learning,2.0,1.0,0.6931471805599453
heavy-tailed distribution,scale mixture,2.0,3.0,1.791759469228055
heavy-tailedness,parameter expansion,2.0,12.0,3.1780538303479458
heavy-tailedness,sample selection,2.0,12.0,3.1780538303479458
hidden markov model,switching diffusion,2.0,12.0,3.1780538303479458
hierarchical models,population size,2.0,32.5,4.174387269895637
hierarchical models,spatial capture-recapture,2.0,84.0,5.123963979403259
host phenotypes,machine learning,2.0,8.0,2.772588722239781
host phenotypes,metagenomics,2.0,8.0,2.772588722239781
host phenotypes,neural networks,2.0,8.0,2.772588722239781
human tracking,multi-domain network,2.0,1.0,0.6931471805599453
illumination-invariant,synthetics,2.0,1.0,0.6931471805599453
image augmentation,transfer learning,2.0,4.5,2.1972245773362196
image classification,machine learning,2.0,1.5,1.0986122886681098
image classification,regularization,2.0,1.0,0.6931471805599453
image classification,transfer learning,3.0,31.333333333333332,4.543294782270004
image processing,machine learning,2.0,8.5,2.833213344056216
image processing,melanoma,2.0,2.5,1.6094379124341003
image processing,object detection,3.0,2.0,1.791759469228055
image processing,pattern recognition,2.0,1.0,0.6931471805599453
image registration,segmentation,2.0,4.5,2.1972245773362196
image segmentation,loss function,2.0,1.5,1.0986122886681098
image segmentation,machine learning,2.0,2.5,1.6094379124341003
image segmentation,task analysis,2.0,4.0,2.0794415416798357
image segmentation,training,2.0,4.0,2.0794415416798357
image synthesis,lesion classification,2.0,231.5,6.137727054086234
image synthesis,liver lesions,2.0,231.5,6.137727054086234
image synthesis,mri,3.0,41.333333333333336,4.820281565605037
image-to-image translation,semantic segmentation,3.0,5.333333333333333,2.772588722239781
imu,machine learning,2.0,8.5,2.833213344056216
inception-resnet-v2,transfer learning,2.0,2.0,1.3862943611198906
inception-v3,transfer learning,2.0,6.0,2.4849066497880004
incompatible gibbs sampler,marginal data augmentation,2.0,88.0,5.170483995038151
individual covariates,population size,2.0,32.5,4.174387269895637
intelligent surveillance systems,machine learning,2.0,3.5,1.9459101490553132
interactive motion control,motion grammar,2.0,13.0,3.258096538021482
keras,transfer learning,2.0,5.0,2.302585092994046
language modeling,speech recognition,2.0,5.0,2.302585092994046
lesion classification,liver lesions,2.0,231.5,6.137727054086234
lighthouse probe,multivariate curve resolution,2.0,25.5,3.9318256327243257
lighthouse probe,process analytical technology,2.0,25.5,3.9318256327243257
lighthouse probe,simplisma,2.0,25.5,3.9318256327243257
lithography hotspot detection,machine learning,2.0,17.0,3.5263605246161616
liveness,local binary patterns,2.0,23.0,3.828641396489095
liveness,support vector machines,2.0,23.0,3.828641396489095
local binary pattern-three orthogonal planes (lbp-top),micro-expression recognition,2.0,4.0,2.0794415416798357
local binary patterns,support vector machines,2.0,23.0,3.828641396489095
locomotion,neural networks,2.0,10.5,3.044522437723423
long short term memory (lstm),recurrent neural network (rnn),2.0,1.0,0.6931471805599453
lstm,rnn,2.0,15.0,3.4011973816621555
lstm,vgg,2.0,21.0,3.7376696182833684
machine learning,medical imaging,3.0,77.33333333333333,5.44673737166631
machine learning,metagenomics,2.0,8.0,2.772588722239781
machine learning,neural network,3.0,9.333333333333334,3.332204510175204
machine learning,neural networks,6.0,10.0,4.0943445622221
machine learning,optical coherence tomography,2.0,2.5,1.6094379124341003
machine learning,pattern recognition,3.0,4.333333333333333,2.5649493574615367
machine learning,privacy,2.0,45.0,4.499809670330265
machine learning,segmentation,3.0,5.0,2.70805020110221
machine learning,support vector machine,2.0,3.0,1.791759469228055
machine learning,synthetic data,3.0,2.3333333333333335,1.9459101490553132
machine learning,transfer learning,3.0,15.0,3.8066624897703196
machine learning,wireless communication,2.0,1.0,0.6931471805599453
magnetic resonance imaging,transfer learning,2.0,30.0,4.0943445622221
map reduce,olap,2.0,3.0,1.791759469228055
markov chain,markov operator,2.0,9.0,2.8903717578961645
markov chain,minorization condition,2.0,25.0,3.912023005428146
markov chain,monte carlo,5.0,11.4,4.04305126783455
markov chain,polya-gamma distribution,2.0,19.5,3.6635616461296463
markov chain,robit regression,2.0,10.5,3.044522437723423
markov chain,robust regression,2.0,10.5,3.044522437723423
markov chain,trace-class operator,2.0,9.0,2.8903717578961645
markov chain monte carlo,parameter expansion,2.0,10.5,3.044522437723423
markov chain monte carlo,sparsity,2.0,22.5,3.8066624897703196
markov chain monte carlo,variable splitting,2.0,7.0,2.6390573296152584
markov chain monte carlo,winbugs,2.0,96.0,5.2574953720277815
markov chain monte carlo (mcmc),space alternating data augmentation (sada),2.0,6.0,2.4849066497880004
markov chain monte carlo methods,misclassification,2.0,2.5,1.6094379124341003
markov operator,monte carlo,2.0,9.0,2.8903717578961645
markov operator,sandwich algorithm,2.0,9.0,2.8903717578961645
markov operator,trace-class operator,4.0,6.5,3.258096538021482
mcmc,multiple imputation,2.0,46.0,4.5217885770490405
mcmc,posterior consistency,2.0,1.0,0.6931471805599453
mcmc,start-up demonstration test,2.0,5.0,2.302585092994046
melanoma,skin cancer,3.0,2.6666666666666665,2.0794415416798357
metagenomics,neural networks,2.0,8.0,2.772588722239781
micro-expression recognition,small training data,2.0,15.5,3.4339872044851463
missing at random,multiple imputation,2.0,15.0,3.4011973816621555
missing data,multiple imputation,5.0,25.2,4.836281906951478
missing data,pca model building,2.0,41.5,4.418840607796598
missing data,probit regression,2.0,45.0,4.499809670330265
missing data,stressor-response,2.0,3.5,1.9459101490553132
mixup,speech recognition,2.0,6.0,2.4849066497880004
monotone splines,proportional odds model,2.0,19.0,3.6375861597263857
monte carlo,polya-gamma distribution,2.0,19.5,3.6635616461296463
monte carlo,trace-class operator,2.0,9.0,2.8903717578961645
mri,multiple sclerosis,2.0,8.5,2.833213344056216
mri,segmentation,3.0,40.0,4.787491742782046
multiclass classification,principal component analysis,3.0,2.0,1.791759469228055
multivariate curve resolution,process analytical technology,2.0,25.5,3.9318256327243257
multivariate curve resolution,simplisma,2.0,25.5,3.9318256327243257
natural language processing,text classification,2.0,3.0,1.791759469228055
network architecture,preprocessing,2.0,14.5,3.367295829986474
non-centered parameterization,sufficient augmentation,2.0,41.0,4.406719247264253
object detection,semantic segmentation,3.0,7.0,3.044522437723423
object detection,visual context,2.0,5.5,2.3978952727983707
object detection,yolov3,3.0,1.3333333333333333,1.3862943611198906
overfitting,stock market index,2.0,29.5,4.07753744390572
parameter expansion,sample selection,2.0,12.0,3.1780538303479458
parkinson’s disease (pd),transfer learning,2.0,1.0,0.6931471805599453
pattern recognition,wafer map,2.0,8.5,2.833213344056216
plda,speaker verification,2.0,7.0,2.6390573296152584
poisson editing,pulmonary nodules,2.0,17.0,3.5263605246161616
process analytical technology,simplisma,2.0,25.5,3.9318256327243257
recognition: detection,retrieval,4.0,55.75,5.407171771460119
recommender systems,recurrent neural networks,2.0,165.0,5.799092654460526
remote sensing,road extraction,2.0,2.0,1.3862943611198906
remote sensing,transfer learning,2.0,2.0,1.3862943611198906
reparameterization,state-space model,2.0,2.0,1.3862943611198906
reparameterization,sufficient augmentation,2.0,2.0,1.3862943611198906
reparameterization,time series,2.0,2.0,1.3862943611198906
resnet,transfer learning,3.0,12.333333333333334,3.6109179126442243
resnet,vgg,2.0,2.5,1.6094379124341003
reverberation,speech recognition,2.0,1.5,1.0986122886681098
rhetorical structure theory,sentiment analysis,2.0,10.5,3.044522437723423
robit regression,robust regression,2.0,10.5,3.044522437723423
robust speech recognition,very deep convolutional neural network,3.0,10.0,3.4011973816621555
sandwich algorithm,trace-class operator,2.0,9.0,2.8903717578961645
segmentation,u-net,3.0,4.333333333333333,2.5649493574615367
semi-supervised learning,sentiment analysis,2.0,4.0,2.0794415416798357
semi-supervised learning,speech recognition,2.0,2.5,1.6094379124341003
sequence-to-sequence speech recognition,sequence-to-sequence speech synthesis,2.0,8.5,2.833213344056216
sequence-to-sequence speech recognition,training data augmentation,2.0,8.5,2.833213344056216
sequence-to-sequence speech synthesis,training data augmentation,2.0,8.5,2.833213344056216
speaker embedding,speaker recognition,2.0,5.5,2.3978952727983707
speaker embedding,tdnn-lstm,2.0,4.0,2.0794415416798357
speaker recognition,x-vectors,2.0,319.5,6.459904454377535
speaker verification,transfer learning,2.0,2.0,1.3862943611198906
speech recognition,speech synthesis,6.0,5.0,3.4011973816621555
state-space model,sufficient augmentation,2.0,2.0,1.3862943611198906
state-space model,time series,2.0,2.0,1.3862943611198906
stochastic feature mapping,vocal tract length perturbation,2.0,37.0,4.30406509320417
sufficient augmentation,time series,2.0,2.0,1.3862943611198906
task analysis,training,2.0,4.0,2.0794415416798357
